<?xml version='1.0' encoding='utf-8' standalone='yes' ?>
<map>
    <set name="fire-cls/19.3.0 kotlin/2.0.21 android-installer/com.android.packageinstaller fire-installations/18.0.0 fire-rc/22.0.1 device-name/lime_in device-brand/Redmi fire-android/28 fire-abt/21.1.1 fire-core/21.0.0 device-model/lime fire-core-ktx/21.0.0 fire-perf/21.0.3 fire-analytics/22.1.2 android-platform/ android-min-sdk/21 fire-fcm/24.1.0 fire-transport/19.0.0 android-target-sdk/36 fire-sessions/2.0.7">
        <string>2026-02-09</string>
    </set>
    <long name="fire-count" value="1" />
    <string name="last-used-date">2026-02-09</string>
    <long name="fire-global" value="1770658736870" />
</map>
