{"Fid":"e9XcV4mtTF2NLj2q4Ja-ti","Status":3,"AuthToken":"eyJhbGciOiJFUzI1NiIsInR5cCI6IkpXVCJ9.eyJhcHBJZCI6IjE6ODQ5MjYxMzY5MDg1OmFuZHJvaWQ6ODY0OGNlYzEwMWU2ZmY0MSIsImV4cCI6MTc3MTI2MzUzNywiZmlkIjoiZTlYY1Y0bXRURjJOTGoycTRKYS10aSIsInByb2plY3ROdW1iZXIiOjg0OTI2MTM2OTA4NX0.AB2LPV8wRAIgZMglNS6awzfYwcNzfMj6cy2vGW70Z54BUd1JSPr9ShQCIFppiJ3P8Rfgs0f6Q1X1o4yWt-y8I_gGc_tqPT824tNe","RefreshToken":"3_AS3qfwLN_zKm6agzXXd2ZxLZeK54sW19zZz0IqhkHsrwOG_PUxFBoGclvoY5PIRkGHHUUxonLQUB98f4IWENXwVFAiKPHshypyQdAXo_UMDMMOY","TokenCreationEpochInSecs":1770658738,"ExpiresInSecs":604800}